{"cameraMode":{"drawMode":0,"name":"Shaded","section":"Shading Mode"},"sceneLighting":true,"audioPlay":false,"sceneViewState":{"showFog":true,"showMaterialUpdate":false,"showSkybox":true,"showFlares":true,"showImageEffects":true,"showParticleSystems":true},"in2DMode":false,"pivot":{"x":4.484420299530029,"y":-5.755685806274414,"z":-2.5906858444213869},"rotation":{"x":-0.126237154006958,"y":0.8297207951545715,"z":-0.20860403776168824,"w":-0.5021074414253235},"size":20.01367950439453,"orthographic":false}